STATION,DATE,MIN,MAX
GHCND:USW00478900,20130107,7,33
GHCND:USW00478900,20130108,13,20
GHCND:USW00478900,20130109,4,31
GHCND:USW00478900,20130110,6,16
GHCND:USW00478900,20130111,6,28
GHCND:USW00478900,20130112,12,25
GHCND:USW00478900,20130113,4,28
GHCND:USW00478900,20130114,12,28
GHCND:USW00478900,20130115,4,15
GHCND:USW00478900,20130116,9,29
GHCND:USW00478900,20130117,10,27
GHCND:USW00478900,20130118,14,22
GHCND:USW00478900,20130119,12,24
GHCND:USW00478900,20130120,4,33
GHCND:USW00478900,20130121,4,30
GHCND:USW00478900,20130122,10,35
GHCND:USW00478900,20130123,11,35
GHCND:USW00478900,20130124,3,21
GHCND:USW00478900,20130125,9,29
GHCND:USW00478900,20130126,6,24
GHCND:USW00478900,20130127,7,18
GHCND:USW00478900,20130128,4,16
GHCND:USW00478900,20130129,6,23
GHCND:USW00478900,20130130,15,27
GHCND:USW00478900,20130131,5,24
GHCND:USW00478900,20130201,9,33
GHCND:USW00478901,20130202,5,28
GHCND:USW00478901,20130203,4,20
GHCND:USW00478901,20130204,7,23
GHCND:USW00478901,20130205,5,35
GHCND:USW00478901,20130206,8,32
GHCND:USW00478901,20130207,12,21
GHCND:USW00478901,20130208,3,19
GHCND:USW00478901,20130209,9,27
GHCND:USW00478901,20130210,15,22
GHCND:USW00478901,20130211,6,33
GHCND:USW00478901,20130212,6,17
GHCND:USW00478901,20130213,4,15
GHCND:USW00478901,20130214,3,25
GHCND:USW00478901,20130215,8,18
GHCND:USW00478901,20130216,10,30
GHCND:USW00478901,20130217,11,17
GHCND:USW00478901,20130218,7,25
GHCND:USW00478901,20130219,6,19
GHCND:USW00478901,20130220,12,15
GHCND:USW00478901,20130221,9,20
GHCND:USW00478901,20130222,14,18
GHCND:USW00478901,20130223,8,35
GHCND:USW00478901,20130224,9,26
GHCND:USW00478901,20130225,7,32
GHCND:USW00478901,20130226,11,23
GHCND:USW00478901,20130227,14,30
GHCND:USW00478901,20130228,9,34
GHCND:USW00478901,20130301,14,32
GHCND:USW00478901,20130302,13,22
GHCND:USW00478901,20130303,12,23
GHCND:USW00478901,20130304,7,29
GHCND:USW00478901,20130305,3,35
GHCND:USW00478901,20130306,13,28
GHCND:USW00478901,20130307,12,17
GHCND:USW00478901,20130308,6,34
GHCND:USW00478901,20130309,5,24
GHCND:USW00478901,20130310,8,23
GHCND:USW00478901,20130311,6,18
GHCND:USW00478901,20130312,12,16
GHCND:USW00478901,20130313,8,31
GHCND:USW00478901,20130314,10,16
GHCND:USW00478901,20130315,15,18
GHCND:USW00478901,20130316,9,32
GHCND:USW00478901,20130317,11,27
GHCND:USW00478901,20130318,8,21
GHCND:USW00478901,20130319,3,26
GHCND:USW00478901,20130320,6,29
GHCND:USW00478901,20130321,12,32
GHCND:USW00478901,20130322,7,31
GHCND:USW00478901,20130323,15,29
GHCND:USW00478901,20130324,5,17
GHCND:USW00478901,20130325,5,35
GHCND:USW00478901,20130326,7,28
GHCND:USW00478901,20130327,12,29
GHCND:USW00478901,20130328,10,31
GHCND:USW00478901,20130329,3,16
GHCND:USW00478901,20130330,10,23
GHCND:USW00478901,20130331,3,30
GHCND:USW00478901,20130401,15,33
GHCND:USW00478901,20130402,7,30
GHCND:USW00478901,20130403,12,17
GHCND:USW00478901,20130404,7,27
GHCND:USW00478901,20130405,7,30
GHCND:USW00478901,20130406,9,31
GHCND:USW00478901,20130407,3,30
GHCND:USW00478901,20130408,10,29
GHCND:USW00478901,20130409,12,19
GHCND:USW00478901,20130410,9,17
GHCND:USW00478901,20130411,14,33
GHCND:USW00478901,20130412,8,21
GHCND:USW00478901,20130413,15,34
GHCND:USW00478901,20130414,8,34
GHCND:USW00478901,20130415,7,25
GHCND:USW00478901,20130416,9,30
